{
  "rv_annualized_pct": {
    "5d": 8.91,
    "10d": 29.79,
    "20d": 38.91,
    "60d": 49.93
  },
  "garman_klass_20d_annualized_pct": 37.34,
  "parkinson_20d_annualized_pct": 34.47,
  "yang_zhang_20d_annualized_pct": 45.0,
  "volatility_cone": {
    "current_rv_5d": 8.91292830411488,
    "p10": 21.879811111988843,
    "p25": 30.489955375320633,
    "p50": 39.94612286802179,
    "p75": 61.763615380995226,
    "p90": 78.60995048941963,
    "current_percentile": 0.4
  },
  "fit_source": "long_csv",
  "fit_n_bars": 1255
}